название;цена;оценка;продавец;ссылка
Фигура My Melody аниме Kawaii Melody Kuromi Kt Cat Action Фигурки Коллекция набор из 5 ПВХ материалов подарки для детей;132,06 руб.;4.9;Biscuit toy Store;https://aliexpress.ru/item/1005003715322866.html?sku_id=12000026910396336
Hellraiser III конфигурация Lament 1:1 модель коробки-пазла ПВХ Коллекционная фигурка игрушка подарок;1 679,96 руб.;4.7;Gooddolls Store;https://aliexpress.ru/item/1005001683070066.html?sku_id=12000017118115871
Фигурки героев аниме «Дэдпул», экшн-фигурки Марвел, Аксессуары для автомобилей, игрушка, мини-Сидящая игрушка, коллекция игрушек для детей, подарки;168,89 руб.;4.8;IP KeyChain Store;https://aliexpress.ru/item/1005003640621379.html?sku_id=12000026609977513
Коллекционная модель игрушечной фигурки кровавых охотников/Айлин масштаб 1/6;2 325,89 руб.;4.8;Ponyo's Store;https://aliexpress.ru/item/1005003105869050.html?sku_id=12000024118805035
Фигурки из аниме «клинок на демонах», ПВХ, 16 см, 4 шт.;1 599,10 руб.;4.7;1536242562 Store;https://aliexpress.ru/item/1005003502728281.html?sku_id=12000026083380772
"Фигурка из дерева ""С любовью"" сувенир ручной работы";600,00 руб.;2;WoodenMade Store;https://aliexpress.ru/item/1005003689408226.html?sku_id=12000026813524652
Аниме Hatsune Miku милые Мультяшные кавайные статуэтки виртуальной певицы манги Статуэтки ПВХ экшн-Фигурки Коллекционная модель игрушка торт Декор;792,36 руб.;4.6;не известно;https://aliexpress.ru/item/1005003231917130.html?sku_id=12000024766658868
NECA (2017) Ultimate Pennywise экшн-фигурка танцующего клоуна в масштабе 7 дюймов;1 048,40 руб.;4.8;KiritoToys Store;https://aliexpress.ru/item/1005001960633064.html?sku_id=12000018232561447
Фигурки Disney, аниме, игрушка чудо-женщина, Мстители, финальная модель, куклы, фигурки Харли Квинн, украшение для вечеринки, игрушечная машинка, кукла, игрушка;448,29 руб.;4.6;cqqhuixi Store;https://aliexpress.ru/item/1005003060661118.html?sku_id=12000023682331725
Фигурка «атака на Титанов», 15-35 см;684,56 руб.;5;не известно;https://aliexpress.ru/item/1005003742839157.html?sku_id=12000027460296410
Трансформер WEIJIANG W8086 M05 Блэкаут SS06, водная переводная декоративная наклейка, экшн-фигурка, наклейка s;539,92 руб.;39;не известно;https://aliexpress.ru/item/1005003883432629.html?sku_id=12000027383513087
Фигурка кошки, котенка, ZOCDOU, 1 шт.;34,14 руб.;4.9;ZOCDOU Figurine Store;https://aliexpress.ru/item/32895053915.html?sku_id=65838724370
Фигурка льва из мультфильма, ПВХ, модель, игрушки, подарок;664,80 руб.;4.8;Colorful Wings Store;https://aliexpress.ru/item/4001111621234.html?sku_id=10000014452088404
Фигурка аниме, подвижная фигурка, тело игрушки, Кун, тело, Чан, Коллекционная модель, игрушки, рисовать эскиз, живопись, манекен;1 168,78 руб.;4.7;Fafafa Store;https://aliexpress.ru/item/1005002527282835.html?sku_id=12000021007776716
Аниме One Piece 18 см ророноа Зоро экшн-фигурки модель мультфильм крутое украшение Коллекционная фигурка кукла детские игрушки Рождественский подарок;1 566,76 руб.;5;POKEMOM Goodboby Store;https://aliexpress.ru/item/1005003728066255.html?sku_id=12000026952964388
Alphamax Skytube девушка горничная от Misaki Kurchito Hiro Cat girls ПВХ фигурки модели игрушки Аниме Фигурки игрушки для подарка;2 496,58 руб.;4.8;не известно;https://aliexpress.ru/item/1005001465081562.html?sku_id=12000016237756428
Экшн-Фигурка «магистр Галактики», 6 см;108,70 руб.;4.7;Children Toy World Store;https://aliexpress.ru/item/1005002694521177.html?sku_id=12000021745991620
1/6 масштаб 26 см JapaAnime DAIKI Wet JK Kuromine Aya Mataro ПВХ фигурка игрушки игровая статуя для взрослых Коллекционная модель куклы Подарки;2 694,22 руб.;4.8;не известно;https://aliexpress.ru/item/1005002396707523.html?sku_id=12000020515467265
Женское украшение для сада, грибной Кукольный дом, Статуэтка из смолы, горшок для рукоделия, сказочное украшение;48,51 руб.;4.8;AliExpress Convenient Life Supermarket 2211 Store;https://aliexpress.ru/item/1005001800132822.html?sku_id=12000017649011309
Фигурка героя аниме «ророноа», 10 см, с тремя лезвиями;794,16 руб.;6;Game model toy Store;https://aliexpress.ru/item/1005003925398793.html?sku_id=12000027485494687
NECA Leatherface Ultimate Edition экшн-фигурка Техасская резня на бензопиле;1 102,30 руб.;4.8;Ponyo's Store;https://aliexpress.ru/item/1005002854502772.html?sku_id=12000022472134481
Фигурка аниме FuRyu, фигурка клубники, милая Хацунэ Мику, 17 см, ПВХ кавайная кукла, Коллекционная модель, детские игрушки, подарки;789,67 руб.;4.9;не известно;https://aliexpress.ru/item/1005003311542096.html?sku_id=12000027435098013
42 шт., стильные экшн-фигурки медведя, 28 см;2 732,85 руб.;4.6;Children's Gift Toy Store;https://aliexpress.ru/item/4001154592489.html?sku_id=10000014921358121
Японское аниме 15 см Rem Re: жизнь в другом мире от нуля кавайная девушка Пижама фигурка Rem стул ПВХ коллекционные модели игрушки;447,39 руб.;4.8;Shop911385187 Store;https://aliexpress.ru/item/1005003347725589.html?sku_id=12000025340800127
Экшн-фигурка из аниме «рассекающий демонов», 16 см;446,49 руб.;4.8;Game toy Store;https://aliexpress.ru/item/1005002779082091.html?sku_id=12000022149696808
Фигурка героя аниме «Монстр» из ПВХ, 8 см;338,69 руб.;4.7;не известно;https://aliexpress.ru/item/1005002227350004.html?sku_id=12000019433492440
Мини-фигурки героев аниме-фильма Наруто, WM6109;105,11 руб.;4.8;не известно;https://aliexpress.ru/item/1005003434926067.html?sku_id=12000025772982612
Экшн-фигурка супер герой Лига Справедливости флэш-фигурка бегущая фигурка модели игрушки 18 см;1 280,78 руб.;5;ADDFFT99 Store;https://aliexpress.ru/item/33050297631.html?sku_id=67445326884
Аниме экшн-фигурка Мику, кавайная ПВХ модель куклы, фигурки, кроличьи уши, собираемые украшения, 22 см;286,58 руб.;4.7;Child Gift Store;https://aliexpress.ru/item/1005003398655968.html?sku_id=12000025607684505
Фигурки аниме «Наруто», ПВХ Куклы, 12 шт./компл., Хината, Саске Итачи, Какаси, Гаара, версии Q, игрушки для детей, подарок;1 237,96 руб.;4;YAYI Toys Store;https://aliexpress.ru/item/1005003934085243.html?sku_id=12000027503002371
Игрушка в виде покемона, цветок, чайная чашка, кукла мечты, украшение маленького эльфа, ручная работа, японское аниме, модель игрушки из ПВХ;472,54 руб.;4.6;Shop910445282 Store;https://aliexpress.ru/item/1005002412312075.html?sku_id=12000023954286156
Оригинальная призовая фигурка Taito, страна чудес, длинные волосы, принцесса Ver. Miku ПВХ Модель Куклы Коллекционные игрушки;2 560,36 руб.;4.9;KuKuKuKaKa Store;https://aliexpress.ru/item/1005003647998301.html?sku_id=12000027333498038
Экшн-фигурка Langley Soryu Ayanami Ray 13 см ЕВА АСУКА Мари гаша;183,38 руб.;4.6;не известно;https://aliexpress.ru/item/1005003687488947.html?sku_id=12000027366442660
Коллекционная модель из ПВХ фигурки героев лордрана зигмейера, Темные души, черный рыцарь, фараам, арториас;1 346,66 руб.;4.6;не известно;https://aliexpress.ru/item/33043527187.html?sku_id=67345842805
Новая Игрушечная модель Huggy Wuggy Poppy Playtime, фигурка героя Гаага, ваджи, кукла, плюшевая игрушка из ПВХ, подарок для детей, сине-розовый;770,80 руб.;0;Xin Yu Trendy Toy Store;https://aliexpress.ru/item/1005003939893669.html?sku_id=12000027518889515
Q Posket 15 см Marvel модель Мстителей Thor Iron Man Spider Man Loki Superheroes экшн-фигурка коллекционные игрушки куклы подарок для детей;418,64 руб.;4.7;не известно;https://aliexpress.ru/item/1005001805795593.html?sku_id=12000017695734075
Аниме Фигурка Евангелион поступление Asuka Langley Soryu Ayanami Ray Ikari Shinji Nagisa Kaworu экшн-фигурка Коллекционная модель toy7cm;173,39 руб.;4.8;huangkaiquan661982 Store;https://aliexpress.ru/item/1005003187782913.html?sku_id=12000024567790426
Marvel Железный человек-паук 1/10 масштаб Коллекционная Фигурка модель игрушки;1 051,99 руб.;4.8;не известно;https://aliexpress.ru/item/1005001518265357.html?sku_id=12000016435941023
Мини-фигурки «Наруто» WM6109, аниме, Саске, Какаси, Мадара, зетсу, может Гай, рок, Ли, экшн-фигурки, сборные кирпичи, игрушки, детские подарки;123,98 руб.;18;не известно;https://aliexpress.ru/item/1005003884645495.html?sku_id=12000027386041901
Экшн-фигурки Вегета из м/ф «Драконий жемчуг», 2 поколения;1 194,83 руб.;4.7;не известно;https://aliexpress.ru/item/1005003135406526.html?sku_id=12000027560222163
Экшн-фигурки героев фильма Marvel Мстители 3 война бесконечности Аниме Супер Герои Человек-паук Капитан Америка Железный человек Халк Тор супергерой игрушки;324,31 руб.;4.5;PokemonToys Store;https://aliexpress.ru/item/1005001339889848.html?sku_id=12000015744620249
3 шт., декоративные фигурки астронавтов и луна, Декор для дома;1 172,38 руб.;4.8;Astronaut decoration Store;https://aliexpress.ru/item/1005003402862869.html?sku_id=12000025629236153
Экшн-Фигурка динозавра, король монстров Гидора, ПВХ, 18 см, трехголовый дракон, динозавр, коллекционная кукла-монстр, игрушка в подарок;659,41 руб.;4.7;Shop910336018 Store;https://aliexpress.ru/item/1005002180532154.html?sku_id=12000018959683628
Игрушечная фигурка магистра Галактики, 6 см;61,09 руб.;4.7;не известно;https://aliexpress.ru/item/1005003488689747.html?sku_id=12000026021280693
Робот-трансформер для аниме-фильма, машинка, инженерная экшн-фигурка, модель, детская игрушка для мальчиков, подарок для детей;824,71 руб.;5;Innocence toy Store;https://aliexpress.ru/item/1005003917129754.html?sku_id=12000027461384877
Мини-фигурка Тоторо 2018 5 см, экшн-фигурка со штативом Мой сосед Тоторо, кукла, игрушка, подарок на день рождения, декор вечерние НКИ;125,77 руб.;4.7;Children Toy World Store;https://aliexpress.ru/item/32879844678.html?sku_id=65554143134
Пластиковые фигурки героев фильмов WM6027 X0312, Бэтмен, чудо-женщина, мини Экшн-фигурки, сборные блоки, игрушки для детей, подарки на день рождения;91,63 руб.;35;не известно;https://aliexpress.ru/item/1005003884592812.html?sku_id=12000027386184669
Фигурка аниме «рассекающий демонов», экшн-фигурки, игрушки, киметсу, кукла «No Yaiba», Tanjiro Nezuko, Рождественский брелок для Хэллоуина, детские игрушки;348,57 руб.;4.8;HGX-Dropshipping Store;https://aliexpress.ru/item/1005003399102545.html?sku_id=12000025615029810
Фигурка Джокера из ПВХ, 14 см;813,93 руб.;4.7;Youandzi Store;https://aliexpress.ru/item/32849901210.html?sku_id=65245313488
Фигурки из аниме «рассекающий демонов», экшн-фигурки из ПВХ, фигурка Zenitsu, Inosuke Kimetsu, No Yaiba;365,64 руб.;4.7;AAHeng& Zhi Store;https://aliexpress.ru/item/1005002850995484.html?sku_id=12000022461955250
Аниме Marvel Дэдпул экшн-Фигурки игрушки мини кукла для автомобиля товары Аксессуары для салона автомобиля декоративная модель рождественские подарки;393,49 руб.;4.8;не известно;https://aliexpress.ru/item/1005002963476668.html?sku_id=12000022985283338
Bearbrick медведь @ кирпич экшн-фигурки блочный Медведь ПВХ Модель Фигурки DIY брелок крашеные куклы игрушки;189,56 руб.;4.8;Shop5049380 Store;https://aliexpress.ru/item/1005003327677428.html?sku_id=12000025232696692
Marvel Мстители 6 см Дерево человек Грут стражи Галактики аниме мини милые игрушки фигурка сидящий Грут детские игрушки подарки;117,69 руб.;4.8;не известно;https://aliexpress.ru/item/1005002947326349.html?sku_id=12000022913184828
Домашний декор, Сфинкс, кошка, медитация, коллекционные фигурки, миниатюрная статуэтка кошки Будды, модель животного, кукла, игрушки, безволосая фигурка кошки;420,44 руб.;4.6;не известно;https://aliexpress.ru/item/1005003391379694.html?sku_id=12000025564443662
Японская мультяшная Слитная статуя Bandai 13-18 см ророноа Зоро, аниме фигурки, модель, ПВХ фигурки, игрушки, куклы, подарок для детей;1 428,41 руб.;0;Toyssxblo Store;https://aliexpress.ru/item/1005003923992914.html?sku_id=12000027481719220
Миниатюрная экшн-фигурка Кодама из мультфильма «дерево»;462,10 руб.;4.7;Minivo Store;https://aliexpress.ru/item/1005002283068608.html?sku_id=12000019905247813
Фигурка из смолы Луна(Loona) | фигурка для покраски из смолы;1 460,00 руб.;4.9;ResinModelsRussia Store;https://aliexpress.ru/item/1005003425577810.html?sku_id=12000025730424667
Веном Фелиция Харди черная кошка удивительный Хамелеон шокер гидро человек Майкл морбиус вампир строительные блоки мини Экшн-Фигурки игрушки;91,63 руб.;3.4;UU MiniFigure Store;https://aliexpress.ru/item/1005003575065777.html?sku_id=12000026342593933
2021 японская оригинальная аниме-фигурка PROMARE ARTFX J PROMARE, экшн-фигурка, Коллекционная модель, игрушки для мальчиков;3 238,63 руб.;4.9;Doll Dream (min order$10);https://aliexpress.ru/item/1005003278536574.html?sku_id=12000024993660872
Фигурка персонажа аниме «уличный истребитель», 23 см;2 019,54 руб.;7;BAOFATOY Store;https://aliexpress.ru/item/1005003927848095.html?sku_id=12000027490194699
Экшн-фигурка хатакэ Какаси 19Q из аниме «Наруто», модель из ПВХ, 7 см, статуя удзумаки Наруто, коллекционная игрушка;141,94 руб.;4.5;Lele 2 Store Store;https://aliexpress.ru/item/1005003444133644.html
Фигурка пеннивайза Стивена Кинга NECA, ПВХ, Коллекционная модель игрушки;972,04 руб.;4.7;не известно;https://aliexpress.ru/item/32998134311.html
Лего Супергерои Мини фигурки блоки паук Доктор Странный Зеленый Гоблин загар кубики строительные блоки Сборная модель игрушка;70,97 руб.;11;SHAOBINGTOY Store;https://aliexpress.ru/item/1005003888489873.html
